position,target,TNA,¦¤G_binding,¦¤G_cofold,accessibility,score
240,CCCCUCCCCC,GGGGGAGGGG,0,-23.5,0.98631557,7.543157785
239,CCCCCUCCCC,GGGGAGGGGG,0,-23.5,0.9740197700000002,7.537009885
238,ACCCCCUCCC,GGGAGGGGGU,0,-21.9,0.9577889800000001,7.0488944899999995
241,CCCUCCCCCA,UGGGGGAGGG,0,-21.8,0.99288144,7.03644072
597,CCUCCGGCCC,GGGCCGGAGG,0,-22.7,0.40982700699999997,7.0149135035
598,CUCCGGCCCC,GGGGCCGGAG,0,-22.7,0.372100447,6.996050223499999
75,CCCCCACGCC,GGCGUGGGGG,0,-22.5,0.39727517000000007,6.948637585
600,CCGGCCCCUG,CAGGGGCCGG,0,-22.4,0.45414845699999995,6.9470742285
487,CCCCACGGGC,GCCCGUGGGG,0,-22.5,0.38458205,6.942291025
518,GGCGGCCUGC,GCAGGCCGCC,0,-22.6,0.320095036,6.940047518
519,GCGGCCUGCC,GGCAGGCCGC,0,-22.6,0.233448266,6.896724133
520,CGGCCUGCCC,GGGCAGGCCG,0,-22.5,0.24039657600000003,6.870198288
68,CCCUCCACCC,GGGUGGAGGG,0,-21.2,0.73910775,6.729553875
599,UCCGGCCCCU,AGGGGCCGGA,0,-21.7,0.41288367699999995,6.7164418385
69,CCUCCACCCC,GGGGUGGAGG,0,-21.2,0.6967415299999999,6.708370765
488,CCCACGGGCG,CGCCCGUGGG,0,-21.6,0.4200876,6.690043800000001
70,CUCCACCCCC,GGGGGUGGAG,0,-21.2,0.6316198599999999,6.67580993
76,CCCCACGCCG,CGGCGUGGGG,0,-21.6,0.34715975,6.653579875
77,CCCACGCCGG,CCGGCGUGGG,0,-21.6,0.32599872,6.64299936
648,GCCAGAGGGC,GCCCUCUGGC,0,-21.3,0.497571867,6.6387859334999995
